Features,Accuracy,F1,AUC-ROC
walk_only,0.8431746031746031,0.8766849725411883,0.8687602613503099
light_only,0.5955555555555555,0.7386130488305294,0.5480013402579996
crime_only,0.7073015873015873,0.7966475518306132,0.7709164014072709
all_features,0.9961904761904762,0.9968051118210862,0.999948065002513
