Features,Accuracy,F1,AUC-ROC
walk_only,0.8431746031746031,0.8766849725411883,0.8687602613503099
light_only,0.5955555555555555,0.7386130488305294,0.5480013402579996
all_features,0.9631746031746031,0.9690831556503199,0.9926972692243257
