Features,Accuracy,F1,AUC-ROC
walk_only,0.979047619047619,0.9844266163284568,0.9967239311336428
light_only,0.6831746031746032,0.8117691437193512,0.6387561368089338
all_features,0.9993650793650793,0.99953509995351,0.9999916189255835
