Model,Accuracy,F1,AUC-ROC
Logistic Regression,0.820952380952381,0.8597014925373134,0.8753861618361534
Random Forest,0.9644444444444444,0.9703075291622482,0.9932618529066846
XGBoost,0.9631746031746031,0.9690831556503199,0.9926972692243257
