Model,Accuracy,F1,AUC-ROC
Logistic Regression,0.9803174603174604,0.9837781266352695,0.9999095325850227
Random Forest,0.9936507936507937,0.9946808510638298,0.9998642988775339
XGBoost,0.9961904761904762,0.9968051118210862,0.999948065002513
