Model,Accuracy,F1,AUC-ROC
Logistic Regression,0.9777777777777777,0.9839816933638444,0.9997746422212455
Random Forest,0.9993650793650793,0.99953509995351,1.0
XGBoost,0.9993650793650793,0.99953509995351,0.9999916189255835
